key,value,user
yuaku.png,2,-5785923211323718779
wbyzz.png,3,-5785923211323718779
diukc.png,2,-5785923211323718779
gnoij.png,1,-5785923211323718779
nohcv.png,5,-5785923211323718779
msqxw.png,0,-5785923211323718779
wbyzz.png,3,-5785923211323718779
nohcv.png,5,-5785923211323718779
gnoij.png,4,-5785923211323718779
diukc.png,2,-5785923211323718779
diukc.png,2,-5785923211323718779
crelm.png,3,-5785923211323718779
qzubf.png,1,-5785923211323718779
fsgtc.png,7,-5785923211323718779
jgaxu.png,3,-5785923211323718779
mcbvs.png,3,-5785923211323718779
ybbjw.png,4,-5785923211323718779
pofzm.png,3,-5785923211323718779
fsgtc.png,6,-5785923211323718779
wwjkt.png,1,-5785923211323718779
vgfwg.png,2,-5785923211323718779
sfrxq.png,4,-5785923211323718779
gnoij.png,3,-5785923211323718779
zlltm.png,1,-5785923211323718779
nkebh.png,1,-5785923211323718779
diukc.png,2,-5785923211323718779
nkebh.png,1,-5785923211323718779
mregu.png,4,-5785923211323718779
qzubf.png,1,-5785923211323718779
nohcv.png,5,-5785923211323718779
zlltm.png,3,-5785923211323718779
strdd.png,4,-5785923211323718779
mepqp.png,1,-925103692579569801
mcbvs.png,3,-9209518835262696476
vxlcq.png,1,-9209518835262696476
qzubf.png,1,-9209518835262696476
tuliw.png,1,-9209518835262696476
mepqp.png,3,-9209518835262696476
mcbvs.png,3,-9209518835262696476
zlltm.png,4,-9209518835262696476
gnoij.png,1,-9209518835262696476
wwjkt.png,1,-9209518835262696476
jgaxu.png,9,5262961683837300054
xwtuu.png,2,5262961683837300054
crelm.png,2,5262961683837300054
gnoij.png,2,5262961683837300054
zlltm.png,2,5262961683837300054
diukc.png,1,5262961683837300054
xwtuu.png,0,5262961683837300054
nohcv.png,0,5262961683837300054
wwjkt.png,0,5262961683837300054
jgaxu.png,1,5262961683837300054
jgaxu.png,1,5262961683837300054
jgaxu.png,1,5262961683837300054
vgfwg.png,2,5262961683837300054
mregu.png,4,5262961683837300054
gnoij.png,1,5262961683837300054
dnocu.png,1,5262961683837300054
zlltm.png,2,5262961683837300054
frofx.png,1,5262961683837300054
ybbjw.png,3,5262961683837300054
zlltm.png,2,5262961683837300054
nohcv.png,3,5262961683837300054
mcbvs.png,1,5262961683837300054
mcbvs.png,1,5262961683837300054
fsgtc.png,5,5262961683837300054
hkshk.png,1,5262961683837300054
sbstp.png,1,5262961683837300054
wdfpk.png,1,5262961683837300054
frofx.png,1,5262961683837300054
vxlcq.png,1,5262961683837300054
pofzm.png,1,5262961683837300054
tuliw.png,1,5262961683837300054
vxlcq.png,1,5262961683837300054
sbstp.png,1,5262961683837300054
vgfwg.png,2,5262961683837300054
sfrxq.png,1,5262961683837300054
tuliw.png,1,5262961683837300054
rftjn.png,1,5262961683837300054
fsgtc.png,4,5262961683837300054
jgaxu.png,1,5262961683837300054
zlltm.png,2,5262961683837300054
dnocu.png,1,5262961683837300054
dnocu.png,1,5262961683837300054
ybbjw.png,3,5262961683837300054
zlltm.png,2,5262961683837300054
vgfwg.png,2,5262961683837300054
sbstp.png,1,5262961683837300054
sbstp.png,1,5262961683837300054
vgfwg.png,2,5262961683837300054
pofzm.png,3,5262961683837300054
gnoij.png,1,5262961683837300054
fsgtc.png,4,5262961683837300054
tuliw.png,1,5262961683837300054
hkshk.png,1,5262961683837300054
msqxw.png,1,5262961683837300054
ybbjw.png,3,5262961683837300054
rftjn.png,1,5262961683837300054
nkebh.png,1,5262961683837300054
crelm.png,2,5262961683837300054
mepqp.png,1,5262961683837300054
zlltm.png,2,5262961683837300054
zlltm.png,2,5262961683837300054
vxlcq.png,1,5262961683837300054
fsgtc.png,4,5262961683837300054
jgaxu.png,1,5262961683837300054
ybbjw.png,3,5262961683837300054
diukc.png,1,5262961683837300054
nkebh.png,1,5262961683837300054
xwtuu.png,1,5262961683837300054
zlltm.png,2,5262961683837300054
yuaku.png,1,5262961683837300054
vxlcq.png,1,5262961683837300054
ybbjw.png,3,5262961683837300054
pofzm.png,3,5262961683837300054
mcbvs.png,1,5262961683837300054
mepqp.png,1,5262961683837300054
gnoij.png,1,5262961683837300054
jgaxu.png,1,5262961683837300054
msqxw.png,1,5262961683837300054
yuaku.png,1,5262961683837300054
mepqp.png,1,5262961683837300054
vgfwg.png,2,5262961683837300054
wwjkt.png,1,5262961683837300054
ybbjw.png,3,5262961683837300054
mregu.png,1,5262961683837300054
frofx.png,1,5262961683837300054
wwjkt.png,1,5262961683837300054
vgfwg.png,2,5262961683837300054
nkebh.png,1,5262961683837300054
gnoij.png,1,5262961683837300054
rftjn.png,1,5262961683837300054
vxlcq.png,1,5262961683837300054
sbstp.png,1,5262961683837300054
qzubf.png,1,5262961683837300054
yuaku.png,1,5262961683837300054
pofzm.png,3,5262961683837300054
hkshk.png,1,5262961683837300054
tuliw.png,1,5262961683837300054
sfrxq.png,1,5262961683837300054
diukc.png,1,5262961683837300054
ybbjw.png,3,5262961683837300054
frofx.png,1,5262961683837300054
pofzm.png,3,5262961683837300054
nohcv.png,3,5262961683837300054
crelm.png,1,5262961683837300054
crelm.png,1,5262961683837300054
dnocu.png,1,5262961683837300054
nohcv.png,1,5262961683837300054
strdd.png,1,5262961683837300054
pofzm.png,3,5262961683837300054
pofzm.png,3,5262961683837300054
zlltm.png,2,5262961683837300054
zlltm.png,2,5262961683837300054
ybbjw.png,3,5262961683837300054
mepqp.png,1,5262961683837300054
vgfwg.png,2,5262961683837300054
msqxw.png,1,5262961683837300054
qzubf.png,1,5262961683837300054
strdd.png,1,5262961683837300054
mepqp.png,1,5262961683837300054
mepqp.png,1,-7623789265240258999
nohcv.png,1,-7623789265240258999
tuliw.png,1,-7623789265240258999
vxlcq.png,1,-7623789265240258999
crelm.png,2,-7623789265240258999
qzubf.png,1,-7623789265240258999
vxlcq.png,2,-7623789265240258999
wdfpk.png,1,-7623789265240258999
fsgtc.png,1,-7623789265240258999
nohcv.png,1,-7623789265240258999
dnocu.png,1,-7623789265240258999
nkebh.png,1,-7623789265240258999
qzubf.png,1,-7623789265240258999
fsgtc.png,1,-7623789265240258999
xwtuu.png,1,-7623789265240258999
gnoij.png,1,-7623789265240258999
wwjkt.png,1,-7623789265240258999
qzubf.png,1,-7623789265240258999
crelm.png,2,-7623789265240258999
sbstp.png,1,-7623789265240258999
pofzm.png,3,-7623789265240258999
ybbjw.png,3,-7623789265240258999
wdfpk.png,1,-7623789265240258999
yuaku.png,2,-7623789265240258999
strdd.png,1,-7623789265240258999
pofzm.png,3,-7623789265240258999
qzubf.png,1,-7623789265240258999
pofzm.png,3,-7623789265240258999
zlltm.png,3,-7623789265240258999
ybbjw.png,3,-7623789265240258999
msqxw.png,2,-7623789265240258999
crelm.png,2,-7623789265240258999
msqxw.png,2,-7623789265240258999
crelm.png,2,-7623789265240258999
diukc.png,2,-7623789265240258999
vgfwg.png,2,-7623789265240258999
fsgtc.png,1,-7623789265240258999
vgfwg.png,2,-7623789265240258999
wdfpk.png,1,-7623789265240258999
mregu.png,1,-7623789265240258999
tuliw.png,1,-7623789265240258999
zlltm.png,2,-7623789265240258999
ybbjw.png,3,-7623789265240258999
sfrxq.png,1,-7623789265240258999
diukc.png,3,-7623789265240258999
mregu.png,2,-7623789265240258999
ybbjw.png,3,-7623789265240258999
mcbvs.png,1,-7623789265240258999
dnocu.png,1,-7623789265240258999
wbyzz.png,1,-7623789265240258999
hkshk.png,1,-7623789265240258999
dnocu.png,1,-7623789265240258999
wwjkt.png,1,-7623789265240258999
mregu.png,2,-7623789265240258999
mcbvs.png,2,-7623789265240258999
dnocu.png,1,-7623789265240258999
yuaku.png,1,-7623789265240258999
fsgtc.png,1,-7623789265240258999
crelm.png,2,-7623789265240258999
strdd.png,1,-7623789265240258999
mcbvs.png,1,-7623789265240258999
jgaxu.png,1,-7623789265240258999
jgaxu.png,1,-7623789265240258999
wbyzz.png,2,-7623789265240258999
mepqp.png,1,-7623789265240258999
zlltm.png,3,-7623789265240258999
wdfpk.png,1,-7623789265240258999
nohcv.png,1,-7623789265240258999
rftjn.png,1,-7623789265240258999
hkshk.png,1,-7623789265240258999
zlltm.png,3,-7623789265240258999
jgaxu.png,1,-7623789265240258999
diukc.png,2,-7623789265240258999
wdfpk.png,1,-7623789265240258999
nohcv.png,1,-7623789265240258999
sfrxq.png,1,796173415655948876
nohcv.png,5,796173415655948876
gnoij.png,1,-5203573828903952946
nohcv.png,5,-5203573828903952946
wwjkt.png,1,-5203573828903952946
wdfpk.png,3,-5203573828903952946
mcbvs.png,3,-5203573828903952946
fsgtc.png,5,-5203573828903952946
tuliw.png,1,-5203573828903952946
wwjkt.png,1,-5203573828903952946
crelm.png,2,-5203573828903952946
wbyzz.png,3,-5203573828903952946
frofx.png,2,-5203573828903952946
diukc.png,2,-5203573828903952946
diukc.png,2,-5203573828903952946
frofx.png,1,-5203573828903952946
wwjkt.png,1,-5203573828903952946
rftjn.png,2,-5203573828903952946
mregu.png,1,9200203102280527992
frofx.png,1,9200203102280527992
hkshk.png,1,9200203102280527992
dnocu.png,1,9200203102280527992
zlltm.png,1,9200203102280527992
fsgtc.png,5,9200203102280527992
mregu.png,1,9200203102280527992
qzubf.png,1,9200203102280527992
wdfpk.png,1,9200203102280527992
sfrxq.png,1,9200203102280527992
ybbjw.png,1,9200203102280527992
dnocu.png,1,9200203102280527992
rftjn.png,1,9200203102280527992
nohcv.png,1,9200203102280527992
wbyzz.png,2,9200203102280527992
vgfwg.png,2,9200203102280527992
mepqp.png,1,9200203102280527992
vgfwg.png,2,9200203102280527992
jgaxu.png,1,9200203102280527992
yuaku.png,1,9200203102280527992
wwjkt.png,1,9200203102280527992
tuliw.png,1,9200203102280527992
wwjkt.png,1,9200203102280527992
xwtuu.png,1,9200203102280527992
yuaku.png,1,9200203102280527992
mcbvs.png,1,9200203102280527992
sfrxq.png,1,9200203102280527992
nohcv.png,1,9200203102280527992
vxlcq.png,1,9200203102280527992
strdd.png,1,9200203102280527992
crelm.png,1,9200203102280527992
vgfwg.png,1,9200203102280527992
hkshk.png,1,9200203102280527992
nohcv.png,1,9200203102280527992
vxlcq.png,1,9200203102280527992
jgaxu.png,1,9200203102280527992
xwtuu.png,1,8180264071187037294
sfrxq.png,4,8180264071187037294
nohcv.png,3,8180264071187037294
tuliw.png,3,8180264071187037294
vxlcq.png,1,8180264071187037294
sfrxq.png,4,8180264071187037294
wbyzz.png,2,8180264071187037294
pofzm.png,3,8180264071187037294
wwjkt.png,2,8180264071187037294
diukc.png,3,8180264071187037294
dnocu.png,2,8180264071187037294
fsgtc.png,3,9187914313878303013
pofzm.png,2,9187914313878303013
diukc.png,2,9187914313878303013
rftjn.png,1,9187914313878303013
wdfpk.png,1,9187914313878303013
dnocu.png,1,9187914313878303013
ybbjw.png,3,9187914313878303013
vgfwg.png,2,9187914313878303013
jgaxu.png,1,9187914313878303013
crelm.png,2,9187914313878303013
sfrxq.png,1,9187914313878303013
rftjn.png,2,5262961683837300054
wdfpk.png,1,9187914313878303013
mregu.png,2,9187914313878303013
wbyzz.png,2,9187914313878303013
fsgtc.png,2,9187914313878303013
gnoij.png,1,9187914313878303013
dnocu.png,1,9187914313878303013
strdd.png,1,9187914313878303013
hkshk.png,1,9187914313878303013
wdfpk.png,3,5972132530178984651
nkebh.png,3,5972132530178984651
hkshk.png,2,5972132530178984651
sbstp.png,2,2403414954798853737
xwtuu.png,1,2403414954798853737
msqxw.png,2,2403414954798853737
strdd.png,2,2403414954798853737
dnocu.png,2,2403414954798853737
nkebh.png,1,2403414954798853737
mregu.png,1,2403414954798853737
jgaxu.png,1,2403414954798853737
tuliw.png,1,2403414954798853737
wdfpk.png,1,2403414954798853737
sbstp.png,1,2403414954798853737
dnocu.png,2,2403414954798853737
vgfwg.png,2,2403414954798853737
nohcv.png,3,2403414954798853737
diukc.png,2,2403414954798853737
sfrxq.png,2,2403414954798853737
wwjkt.png,1,2403414954798853737
mregu.png,4,2403414954798853737
mepqp.png,3,2403414954798853737
diukc.png,2,2403414954798853737
fsgtc.png,5,2403414954798853737
wwjkt.png,1,2403414954798853737
qzubf.png,1,2403414954798853737
rftjn.png,2,2403414954798853737
yuaku.png,1,2403414954798853737
vxlcq.png,1,-6788145034207224952
qzubf.png,1,2403414954798853737
qzubf.png,1,2403414954798853737
diukc.png,2,2403414954798853737
pofzm.png,3,2403414954798853737
fsgtc.png,5,-6788145034207224952
tuliw.png,1,-6788145034207224952
frofx.png,1,-6788145034207224952
gnoij.png,1,-6788145034207224952
rftjn.png,1,-6788145034207224952
wbyzz.png,2,-6788145034207224952
hkshk.png,1,-6788145034207224952
vgfwg.png,2,-6788145034207224952
sbstp.png,1,-6788145034207224952
sfrxq.png,2,-6788145034207224952
wwjkt.png,1,-6788145034207224952
frofx.png,1,-6788145034207224952
nkebh.png,1,-6788145034207224952
strdd.png,1,-6788145034207224952
sfrxq.png,2,-6788145034207224952
hkshk.png,1,-6788145034207224952
wdfpk.png,2,-6788145034207224952
nkebh.png,1,-6788145034207224952
mcbvs.png,2,-6788145034207224952
pofzm.png,3,-6788145034207224952
wwjkt.png,1,-6788145034207224952
jgaxu.png,1,-6788145034207224952
qzubf.png,1,-6788145034207224952
nkebh.png,1,-6788145034207224952
nohcv.png,2,-6788145034207224952
mepqp.png,2,-6788145034207224952
jgaxu.png,1,-6788145034207224952
pofzm.png,3,-6788145034207224952
xwtuu.png,1,-6788145034207224952
wdfpk.png,2,-6788145034207224952
frofx.png,1,-6788145034207224952
msqxw.png,1,-6788145034207224952
frofx.png,1,-6788145034207224952
wdfpk.png,1,-6788145034207224952
sbstp.png,1,-6788145034207224952
sbstp.png,1,-6788145034207224952
mregu.png,3,-6788145034207224952
yuaku.png,1,-6788145034207224952
frofx.png,3,-6318018330442119382
rftjn.png,2,-6318018330442119382
qzubf.png,3,-6318018330442119382
mepqp.png,4,-6318018330442119382
sfrxq.png,2,-6318018330442119382
vgfwg.png,2,-2373101397092585611
tuliw.png,1,-2373101397092585611
dnocu.png,2,-2373101397092585611
vxlcq.png,3,-2373101397092585611
fsgtc.png,5,-2373101397092585611
diukc.png,2,-2373101397092585611
sfrxq.png,4,-2373101397092585611
nkebh.png,2,-2373101397092585611
diukc.png,2,-2373101397092585611
vgfwg.png,2,-2373101397092585611
mregu.png,3,-2373101397092585611
crelm.png,2,-2373101397092585611
wdfpk.png,3,-2373101397092585611
vgfwg.png,2,-2373101397092585611
mepqp.png,2,-2373101397092585611
nkebh.png,2,-2373101397092585611
wwjkt.png,3,-2373101397092585611
hkshk.png,1,-2373101397092585611
gnoij.png,2,-2373101397092585611
nohcv.png,2,-2373101397092585611
jgaxu.png,1,-2373101397092585611
wbyzz.png,1,-2373101397092585611
vgfwg.png,2,-2373101397092585611
dnocu.png,2,-2373101397092585611
vxlcq.png,3,-2373101397092585611
ybbjw.png,4,-2373101397092585611
nkebh.png,1,-2373101397092585611
gnoij.png,1,-2373101397092585611
mcbvs.png,2,-2373101397092585611
wbyzz.png,1,-2373101397092585611
mepqp.png,3,-2373101397092585611
gnoij.png,1,-2373101397092585611
mepqp.png,3,-2373101397092585611
ybbjw.png,3,-2373101397092585611
sfrxq.png,4,-2373101397092585611
qzubf.png,1,-2373101397092585611
sbstp.png,2,-2373101397092585611
nohcv.png,5,-2373101397092585611
vxlcq.png,2,-2373101397092585611
zlltm.png,1,-2373101397092585611
rftjn.png,2,-2373101397092585611
wbyzz.png,1,-2373101397092585611
mregu.png,3,-2373101397092585611
mregu.png,3,-2373101397092585611
nohcv.png,5,-2373101397092585611
mepqp.png,3,-2373101397092585611
wdfpk.png,3,-2373101397092585611
wwjkt.png,2,-2373101397092585611
nohcv.png,5,-2373101397092585611
jgaxu.png,1,-2373101397092585611
vgfwg.png,2,-2373101397092585611
vgfwg.png,2,-2373101397092585611
mcbvs.png,3,-2373101397092585611
crelm.png,1,-2373101397092585611
wbyzz.png,1,-2373101397092585611
mregu.png,3,-2373101397092585611
fsgtc.png,5,-2373101397092585611
hkshk.png,1,-2373101397092585611
vxlcq.png,2,-2373101397092585611
wwjkt.png,2,-2373101397092585611
diukc.png,2,-2373101397092585611
rftjn.png,1,-2373101397092585611
wbyzz.png,1,-2373101397092585611
nohcv.png,4,-2373101397092585611
jgaxu.png,3,-2373101397092585611
wbyzz.png,1,-2373101397092585611
yuaku.png,1,-2373101397092585611
mepqp.png,3,-2373101397092585611
zlltm.png,1,-2373101397092585611
diukc.png,3,-2373101397092585611
tuliw.png,1,-2373101397092585611
vxlcq.png,2,-2373101397092585611
msqxw.png,1,-2373101397092585611
crelm.png,2,-2373101397092585611
vgfwg.png,2,-2373101397092585611
rftjn.png,1,-2373101397092585611
mepqp.png,2,-2373101397092585611
qzubf.png,1,-2373101397092585611
jgaxu.png,3,-2373101397092585611
crelm.png,2,-2373101397092585611
vxlcq.png,3,-2373101397092585611
zlltm.png,2,-2373101397092585611
msqxw.png,1,-2373101397092585611
diukc.png,2,-2373101397092585611
ybbjw.png,3,-2373101397092585611
yuaku.png,1,-2373101397092585611
mregu.png,3,-2373101397092585611
yuaku.png,1,-2373101397092585611
zlltm.png,2,-2373101397092585611
jgaxu.png,2,-3396883287993164154
yuaku.png,2,-3396883287993164154
pofzm.png,4,-3396883287993164154
strdd.png,3,-3396883287993164154
nohcv.png,5,-3396883287993164154
mregu.png,6,-3396883287993164154
gnoij.png,3,-3396883287993164154
nohcv.png,6,-3396883287993164154
wbyzz.png,1,-2373101397092585611
mcbvs.png,3,-2373101397092585611
msqxw.png,2,-2373101397092585611
yuaku.png,2,-2373101397092585611
pofzm.png,2,-2373101397092585611
pofzm.png,3,-2373101397092585611
fsgtc.png,4,-2373101397092585611
qzubf.png,1,-2373101397092585611
wbyzz.png,1,-2373101397092585611
xwtuu.png,3,-2373101397092585611
msqxw.png,3,-2373101397092585611
jgaxu.png,2,-2373101397092585611
jgaxu.png,2,-2373101397092585611
msqxw.png,2,-2373101397092585611
sbstp.png,1,-2373101397092585611
sbstp.png,1,-2373101397092585611
pofzm.png,3,-2373101397092585611
sfrxq.png,4,-2373101397092585611
rftjn.png,2,-2373101397092585611
nohcv.png,5,-2373101397092585611
zlltm.png,3,-2373101397092585611
crelm.png,2,-2373101397092585611
dnocu.png,1,-2373101397092585611
hkshk.png,2,-2373101397092585611
crelm.png,2,-2373101397092585611
zlltm.png,3,-2373101397092585611
frofx.png,1,-2373101397092585611
mepqp.png,3,-2373101397092585611
nkebh.png,2,-2373101397092585611
mcbvs.png,3,-2373101397092585611
gnoij.png,1,-2373101397092585611
wdfpk.png,3,-2373101397092585611
xwtuu.png,2,-2373101397092585611
sbstp.png,1,-2373101397092585611
vxlcq.png,2,-2373101397092585611
mepqp.png,3,-2373101397092585611
jgaxu.png,1,-2373101397092585611
wdfpk.png,1,-2373101397092585611
pofzm.png,3,-2373101397092585611
nohcv.png,5,-2373101397092585611
wbyzz.png,2,-2373101397092585611
yuaku.png,2,-2373101397092585611
strdd.png,4,-2373101397092585611
fsgtc.png,5,-2373101397092585611
frofx.png,1,-2373101397092585611
ybbjw.png,4,-2373101397092585611
wbyzz.png,1,-2373101397092585611
wbyzz.png,2,-7254290421355823868
crelm.png,1,-2373101397092585611
yuaku.png,2,-2373101397092585611
wdfpk.png,1,-7254290421355823868
gnoij.png,2,-7254290421355823868
mregu.png,3,-7254290421355823868
jgaxu.png,3,-2373101397092585611
mcbvs.png,3,-2373101397092585611
msqxw.png,2,-2373101397092585611
strdd.png,4,-2373101397092585611
pofzm.png,3,-2373101397092585611
nkebh.png,3,-7254290421355823868
sfrxq.png,4,-2373101397092585611
hkshk.png,1,-7254290421355823868
vxlcq.png,2,-2373101397092585611
strdd.png,3,-2373101397092585611
vgfwg.png,2,-7254290421355823868
nkebh.png,2,-2373101397092585611
strdd.png,3,-7254290421355823868
fsgtc.png,5,-7254290421355823868
yuaku.png,1,-7254290421355823868
sfrxq.png,1,-7254290421355823868
wdfpk.png,1,-7254290421355823868
frofx.png,1,-7254290421355823868
frofx.png,1,-7254290421355823868
mregu.png,3,-7254290421355823868
wwjkt.png,100,3753794088646361672
qzubf.png,500,3753794088646361672
sfrxq.png,4,3753794088646361672
fsgtc.png,5,3753794088646361672
gnoij.png,3,3753794088646361672
wdfpk.png,4,3753794088646361672
rftjn.png,3,3753794088646361672
wbyzz.png,2,3753794088646361672
jgaxu.png,10,3753794088646361672
ybbjw.png,3,3753794088646361672
strdd.png,4,3753794088646361672
sbstp.png,3,3753794088646361672
crelm.png,5,3753794088646361672
mregu.png,5,3753794088646361672
pofzm.png,6,3753794088646361672
nohcv.png,4,3753794088646361672
pofzm.png,4,3753794088646361672
yuaku.png,2,3753794088646361672
ybbjw.png,3,3753794088646361672
nohcv.png,4,3753794088646361672
dnocu.png,2,-4155744773065796217
qzubf.png,1,-4155744773065796217
mregu.png,3,-4155744773065796217
fsgtc.png,5,-4155744773065796217
diukc.png,3,-4155744773065796217
wdfpk.png,2,-4155744773065796217
dnocu.png,2,-4155744773065796217
wwjkt.png,1,-4155744773065796217
crelm.png,1,-4155744773065796217
dnocu.png,2,-4155744773065796217
tuliw.png,1,-4155744773065796217
vgfwg.png,2,-4155744773065796217
msqxw.png,1,-4155744773065796217
tuliw.png,1,-4155744773065796217
xwtuu.png,1,-4155744773065796217
frofx.png,1,-4155744773065796217
sbstp.png,1,-4155744773065796217
mregu.png,3,-4155744773065796217
mcbvs.png,2,-4155744773065796217
hkshk.png,1,-4155744773065796217
jgaxu.png,1,-4155744773065796217
nohcv.png,5,-4155744773065796217
fsgtc.png,5,-4155744773065796217
diukc.png,3,-4155744773065796217
wwjkt.png,1,-4155744773065796217
fsgtc.png,5,-4155744773065796217
zlltm.png,3,-4155744773065796217
strdd.png,2,-4155744773065796217
nkebh.png,1,-4155744773065796217
fsgtc.png,5,-4155744773065796217
strdd.png,2,-4155744773065796217
dnocu.png,2,-4155744773065796217
nkebh.png,1,-4155744773065796217
vxlcq.png,1,-4155744773065796217
xwtuu.png,1,-4155744773065796217
vgfwg.png,2,-4155744773065796217
crelm.png,1,-4155744773065796217
msqxw.png,1,-4155744773065796217
nohcv.png,5,-4155744773065796217
wwjkt.png,1,-4155744773065796217
zlltm.png,3,-4155744773065796217
zlltm.png,3,-4155744773065796217
ybbjw.png,3,-4155744773065796217
mepqp.png,3,-4155744773065796217
rftjn.png,2,-4155744773065796217
vxlcq.png,1,-4155744773065796217
frofx.png,1,-4155744773065796217
mregu.png,3,-4155744773065796217
xwtuu.png,1,-4155744773065796217
msqxw.png,1,-4155744773065796217
wdfpk.png,2,-4155744773065796217
strdd.png,2,-4155744773065796217
yuaku.png,1,-4155744773065796217
mregu.png,3,-4155744773065796217
xwtuu.png,1,-4155744773065796217
gnoij.png,1,-4155744773065796217
qzubf.png,1,-4155744773065796217
frofx.png,1,-4155744773065796217
rftjn.png,2,-4155744773065796217
qzubf.png,1,-4155744773065796217
mcbvs.png,2,-4155744773065796217
sfrxq.png,3,-4155744773065796217
wbyzz.png,1,-4155744773065796217
strdd.png,3,-4155744773065796217
yuaku.png,1,-4155744773065796217
yuaku.png,1,-4155744773065796217
wdfpk.png,2,-4155744773065796217
strdd.png,2,-4155744773065796217
sbstp.png,2,-4155744773065796217
gnoij.png,1,-4155744773065796217
vgfwg.png,2,-4155744773065796217
qzubf.png,1,-4155744773065796217
mregu.png,3,-4155744773065796217
gnoij.png,1,-4155744773065796217
frofx.png,1,-4155744773065796217
msqxw.png,1,-4155744773065796217
msqxw.png,1,-4155744773065796217
ybbjw.png,3,-4155744773065796217
wdfpk.png,2,-4155744773065796217
diukc.png,3,-4155744773065796217
strdd.png,2,-4155744773065796217
wdfpk.png,2,-4155744773065796217
mepqp.png,3,-4155744773065796217
mregu.png,3,-4155744773065796217
rftjn.png,1,-4155744773065796217
mregu.png,3,-4155744773065796217
dnocu.png,2,-4155744773065796217
vxlcq.png,1,-4155744773065796217
rftjn.png,2,-4155744773065796217
nkebh.png,1,-4155744773065796217
xwtuu.png,1,-4155744773065796217
wbyzz.png,1,-4155744773065796217
jgaxu.png,1,-4155744773065796217
zlltm.png,1,-4155744773065796217
sbstp.png,1,-4155744773065796217
dnocu.png,2,-4155744773065796217
fsgtc.png,5,-4155744773065796217
vgfwg.png,2,829177095529056914
tuliw.png,3,829177095529056914
gnoij.png,2,829177095529056914
gnoij.png,2,829177095529056914
zlltm.png,4,829177095529056914
yuaku.png,1,829177095529056914
yuaku.png,1,829177095529056914
frofx.png,2,829177095529056914
vxlcq.png,1,829177095529056914
vxlcq.png,1,829177095529056914
xwtuu.png,1,829177095529056914
sbstp.png,2,829177095529056914
hkshk.png,3,829177095529056914
wdfpk.png,2,829177095529056914
crelm.png,2,829177095529056914
sfrxq.png,2,829177095529056914
frofx.png,2,829177095529056914
nohcv.png,4,829177095529056914
msqxw.png,1,829177095529056914
gnoij.png,4,829177095529056914
yuaku.png,3,829177095529056914
sfrxq.png,2,829177095529056914
vgfwg.png,2,829177095529056914
hkshk.png,4,829177095529056914
sbstp.png,2,829177095529056914
vxlcq.png,3,4829724064126525513
dnocu.png,1,4829724064126525513
qzubf.png,1,4829724064126525513
crelm.png,5,4829724064126525513
crelm.png,4,4829724064126525513
wwjkt.png,1,4829724064126525513
mepqp.png,4,4829724064126525513
nkebh.png,3,4829724064126525513
vxlcq.png,3,4829724064126525513
fsgtc.png,6,4829724064126525513
yuaku.png,4,4829724064126525513
pofzm.png,3,4829724064126525513
mepqp.png,6,4829724064126525513
fsgtc.png,5,4829724064126525513
msqxw.png,3,4829724064126525513
gnoij.png,3,4829724064126525513
mregu.png,7,4829724064126525513
wdfpk.png,2,4829724064126525513
sbstp.png,1,4829724064126525513
vxlcq.png,3,4829724064126525513
mcbvs.png,4,4829724064126525513
strdd.png,1,4829724064126525513
sbstp.png,1,4829724064126525513
sbstp.png,2,4829724064126525513
frofx.png,1,-2978557411350928191
crelm.png,1,-2978557411350928191
vgfwg.png,1,-2978557411350928191
mcbvs.png,1,-2978557411350928191
wwjkt.png,1,-2978557411350928191
msqxw.png,1,-2978557411350928191
mregu.png,1,-2978557411350928191
mcbvs.png,1,-2978557411350928191
yuaku.png,1,-2978557411350928191
nkebh.png,1,-2978557411350928191
frofx.png,1,-2978557411350928191
gnoij.png,1,-2978557411350928191
jgaxu.png,1,-2978557411350928191
fsgtc.png,1,-2978557411350928191
ybbjw.png,1,-2978557411350928191
frofx.png,1,-2978557411350928191
diukc.png,1,-2978557411350928191
wdfpk.png,1,-2978557411350928191
wwjkt.png,1,-2978557411350928191
mepqp.png,1,-2978557411350928191
frofx.png,1,-2978557411350928191
pofzm.png,1,-2978557411350928191
rftjn.png,1,-2978557411350928191
yuaku.png,1,-2978557411350928191
gnoij.png,1,-2978557411350928191
diukc.png,1,-2978557411350928191
hkshk.png,1,-2978557411350928191
diukc.png,1,-2978557411350928191
strdd.png,1,-2978557411350928191
mepqp.png,1,-2978557411350928191
frofx.png,1,-2978557411350928191
msqxw.png,1,-2978557411350928191
msqxw.png,1,-2978557411350928191
jgaxu.png,1,-2978557411350928191
qzubf.png,1,-2978557411350928191
mcbvs.png,1,-2978557411350928191
mregu.png,1,-2978557411350928191
gnoij.png,1,-2978557411350928191
ybbjw.png,1,-2978557411350928191
wwjkt.png,1,-2978557411350928191
wdfpk.png,3,2317502005481395476
ybbjw.png,4,2317502005481395476
crelm.png,1,2317502005481395476
strdd.png,3,2317502005481395476
wdfpk.png,2,2317502005481395476
sfrxq.png,3,2317502005481395476
wwjkt.png,1,2317502005481395476
mregu.png,4,2317502005481395476
yuaku.png,1,2317502005481395476
mepqp.png,4,2317502005481395476
wbyzz.png,1,2317502005481395476
frofx.png,2,2317502005481395476
diukc.png,2,2317502005481395476
strdd.png,3,2317502005481395476
mregu.png,4,2317502005481395476
rftjn.png,2,2317502005481395476
sbstp.png,1,2317502005481395476
pofzm.png,3,2317502005481395476
gnoij.png,2,2317502005481395476
dnocu.png,1,2317502005481395476
yuaku.png,1,2317502005481395476
strdd.png,3,2317502005481395476
hkshk.png,1,2317502005481395476
hkshk.png,1,2317502005481395476
hkshk.png,1,2317502005481395476
gnoij.png,2,2317502005481395476
diukc.png,3,2317502005481395476
zlltm.png,3,2317502005481395476
qzubf.png,1,2317502005481395476
diukc.png,3,2317502005481395476
jgaxu.png,1,2317502005481395476
sbstp.png,2,2317502005481395476
jgaxu.png,1,2317502005481395476
frofx.png,2,2317502005481395476
wdfpk.png,3,2317502005481395476
strdd.png,4,2317502005481395476
dnocu.png,2,2317502005481395476
vxlcq.png,1,2317502005481395476
sfrxq.png,4,2317502005481395476
pofzm.png,3,2317502005481395476
strdd.png,3,2317502005481395476
mepqp.png,5,2317502005481395476
dnocu.png,2,2317502005481395476
wbyzz.png,2,2317502005481395476
mepqp.png,5,2317502005481395476
mepqp.png,5,2317502005481395476
vxlcq.png,2,2317502005481395476
yuaku.png,1,2317502005481395476
mcbvs.png,3,2317502005481395476
jgaxu.png,1,2317502005481395476
mcbvs.png,3,2317502005481395476
gnoij.png,2,2317502005481395476
frofx.png,2,2317502005481395476
zlltm.png,4,2317502005481395476
strdd.png,3,2317502005481395476
vgfwg.png,2,2317502005481395476
hkshk.png,3,2317502005481395476
yuaku.png,1,2317502005481395476
msqxw.png,2,2317502005481395476
mcbvs.png,3,2317502005481395476
rftjn.png,3,2317502005481395476
zlltm.png,5,2317502005481395476
pofzm.png,4,2317502005481395476
hkshk.png,3,2317502005481395476
wwjkt.png,1,2317502005481395476
vgfwg.png,2,2317502005481395476
strdd.png,3,2317502005481395476
gnoij.png,2,2317502005481395476
tuliw.png,1,2317502005481395476
mcbvs.png,2,2317502005481395476
sbstp.png,2,2317502005481395476
diukc.png,3,2317502005481395476
nohcv.png,5,2317502005481395476
jgaxu.png,1,2317502005481395476
sbstp.png,2,2317502005481395476
fsgtc.png,5,2317502005481395476
mepqp.png,5,2317502005481395476
mcbvs.png,2,2317502005481395476
gnoij.png,3,2317502005481395476
crelm.png,3,2317502005481395476
frofx.png,2,2317502005481395476
jgaxu.png,1,2317502005481395476
vgfwg.png,2,2317502005481395476
jgaxu.png,1,2317502005481395476
hkshk.png,3,2317502005481395476
wbyzz.png,1,2317502005481395476
zlltm.png,2,2317502005481395476
tuliw.png,3,2317502005481395476
dnocu.png,2,2317502005481395476
hkshk.png,3,2317502005481395476
yuaku.png,1,2317502005481395476
vxlcq.png,1,2317502005481395476
rftjn.png,3,2317502005481395476
tuliw.png,3,2317502005481395476
strdd.png,3,2317502005481395476
zlltm.png,2,2317502005481395476
rftjn.png,3,2317502005481395476
qzubf.png,1,2317502005481395476
wwjkt.png,1,2317502005481395476
pofzm.png,4,2317502005481395476
vgfwg.png,2,2317502005481395476
msqxw.png,1,2317502005481395476
sfrxq.png,4,2317502005481395476
wwjkt.png,1,2317502005481395476
ybbjw.png,4,2317502005481395476
ybbjw.png,4,2317502005481395476
ybbjw.png,4,2317502005481395476
frofx.png,3,2317502005481395476
gnoij.png,3,2317502005481395476
wdfpk.png,3,2317502005481395476
sbstp.png,2,2317502005481395476
mcbvs.png,3,2317502005481395476
pofzm.png,4,2317502005481395476
mcbvs.png,3,2317502005481395476
wbyzz.png,1,2317502005481395476
sbstp.png,1,2317502005481395476
vgfwg.png,2,2317502005481395476
nohcv.png,5,2317502005481395476
xwtuu.png,1,2317502005481395476
fsgtc.png,5,2317502005481395476
hkshk.png,3,2317502005481395476
frofx.png,2,2317502005481395476
strdd.png,3,2317502005481395476
dnocu.png,2,2317502005481395476
fsgtc.png,5,2317502005481395476
msqxw.png,1,2317502005481395476
rftjn.png,3,2317502005481395476
nohcv.png,5,2317502005481395476
strdd.png,3,2317502005481395476
ybbjw.png,4,2317502005481395476
ybbjw.png,4,2317502005481395476
hkshk.png,3,2317502005481395476
pofzm.png,4,2317502005481395476
nkebh.png,3,2317502005481395476
dnocu.png,2,2317502005481395476
mcbvs.png,5,2317502005481395476
frofx.png,4,2317502005481395476
hkshk.png,3,2317502005481395476
yuaku.png,1,2317502005481395476
jgaxu.png,1,2317502005481395476
xwtuu.png,1,2317502005481395476
vgfwg.png,2,2317502005481395476
fsgtc.png,5,2317502005481395476
qzubf.png,1,2317502005481395476
diukc.png,4,2317502005481395476
qzubf.png,1,2317502005481395476
frofx.png,4,2317502005481395476
jgaxu.png,1,2317502005481395476
zlltm.png,5,2317502005481395476
zlltm.png,5,2317502005481395476
nohcv.png,5,2317502005481395476
strdd.png,3,2317502005481395476
crelm.png,3,2317502005481395476
gnoij.png,3,2317502005481395476
hkshk.png,3,2317502005481395476
diukc.png,2,2317502005481395476
sbstp.png,2,2317502005481395476
mcbvs.png,2,2317502005481395476
wbyzz.png,2,2317502005481395476
strdd.png,3,2317502005481395476
qzubf.png,1,2317502005481395476
diukc.png,2,2317502005481395476
qzubf.png,1,2317502005481395476
mepqp.png,5,2317502005481395476
gnoij.png,3,2317502005481395476
sfrxq.png,4,2317502005481395476
vxlcq.png,1,2317502005481395476
sbstp.png,2,2317502005481395476
tuliw.png,3,2317502005481395476
tuliw.png,3,2317502005481395476
sfrxq.png,4,2317502005481395476
ybbjw.png,4,2317502005481395476
zlltm.png,5,2317502005481395476
msqxw.png,1,2317502005481395476
mregu.png,4,2317502005481395476
wdfpk.png,3,2317502005481395476
gnoij.png,3,2317502005481395476
wwjkt.png,1,2317502005481395476
mcbvs.png,3,2317502005481395476
yuaku.png,1,2317502005481395476
mregu.png,4,2317502005481395476
gnoij.png,3,2317502005481395476
fsgtc.png,5,2317502005481395476
wwjkt.png,1,2317502005481395476
mcbvs.png,2,2317502005481395476
sbstp.png,2,2317502005481395476
wwjkt.png,1,2317502005481395476
mepqp.png,5,2317502005481395476
jgaxu.png,1,2317502005481395476
wdfpk.png,3,2317502005481395476
tuliw.png,3,2317502005481395476
ybbjw.png,4,2317502005481395476
nkebh.png,3,2317502005481395476
hkshk.png,3,2317502005481395476
wwjkt.png,1,2317502005481395476
nohcv.png,5,2317502005481395476
crelm.png,2,2317502005481395476
wbyzz.png,1,2317502005481395476
hkshk.png,3,2317502005481395476
mregu.png,4,2317502005481395476
gnoij.png,3,2317502005481395476
wdfpk.png,3,2317502005481395476
zlltm.png,2,2317502005481395476
ybbjw.png,4,2317502005481395476
hkshk.png,3,2317502005481395476
mcbvs.png,3,2317502005481395476
yuaku.png,1,2317502005481395476
wbyzz.png,1,2317502005481395476
nkebh.png,3,2317502005481395476
nohcv.png,5,2317502005481395476
msqxw.png,1,2317502005481395476
yuaku.png,1,2317502005481395476
fsgtc.png,5,2317502005481395476
mcbvs.png,4,2317502005481395476
msqxw.png,1,2317502005481395476
mepqp.png,5,2317502005481395476
vgfwg.png,2,2317502005481395476
gnoij.png,3,2317502005481395476
wwjkt.png,1,2317502005481395476
sbstp.png,2,2317502005481395476
nohcv.png,5,2317502005481395476
wwjkt.png,1,2317502005481395476
vxlcq.png,1,2317502005481395476
dnocu.png,2,2317502005481395476
gnoij.png,3,2317502005481395476
vxlcq.png,1,2317502005481395476
nohcv.png,5,2317502005481395476
wbyzz.png,2,2317502005481395476
pofzm.png,4,2317502005481395476
mcbvs.png,4,2317502005481395476
frofx.png,3,2317502005481395476
vxlcq.png,1,2317502005481395476
nkebh.png,3,2317502005481395476
nohcv.png,5,2317502005481395476
qzubf.png,1,2317502005481395476
sfrxq.png,4,2317502005481395476
jgaxu.png,1,2317502005481395476
xwtuu.png,1,2317502005481395476
qzubf.png,1,2317502005481395476
mregu.png,4,2317502005481395476
strdd.png,3,2317502005481395476
fsgtc.png,5,2317502005481395476
mregu.png,4,2317502005481395476
mregu.png,4,2317502005481395476
tuliw.png,3,2317502005481395476
gnoij.png,3,2317502005481395476
pofzm.png,4,2317502005481395476
wwjkt.png,1,2317502005481395476
sbstp.png,2,2317502005481395476
zlltm.png,3,2317502005481395476
tuliw.png,3,2317502005481395476
yuaku.png,1,2317502005481395476
crelm.png,2,2317502005481395476
yuaku.png,1,2317502005481395476
pofzm.png,4,2317502005481395476
dnocu.png,2,2317502005481395476
jgaxu.png,1,2317502005481395476
crelm.png,2,2317502005481395476
vgfwg.png,2,2317502005481395476
jgaxu.png,1,2317502005481395476
tuliw.png,3,2317502005481395476
mepqp.png,5,2317502005481395476
strdd.png,3,2317502005481395476
rftjn.png,2,2317502005481395476
dnocu.png,2,2317502005481395476
frofx.png,3,2317502005481395476
mregu.png,4,2317502005481395476
sbstp.png,2,2317502005481395476
nkebh.png,3,2317502005481395476
nkebh.png,3,2317502005481395476
dnocu.png,2,2317502005481395476
msqxw.png,1,2317502005481395476
xwtuu.png,1,2317502005481395476
nkebh.png,3,2317502005481395476
crelm.png,2,2317502005481395476
xwtuu.png,1,2317502005481395476
gnoij.png,3,2317502005481395476
mepqp.png,5,2317502005481395476
crelm.png,2,2317502005481395476
gnoij.png,3,2317502005481395476
dnocu.png,2,2317502005481395476
tuliw.png,3,2317502005481395476
pofzm.png,4,2317502005481395476
pofzm.png,4,2317502005481395476
mepqp.png,5,2317502005481395476
jgaxu.png,1,2317502005481395476
tuliw.png,3,2317502005481395476
sbstp.png,2,2317502005481395476
nohcv.png,5,2317502005481395476
crelm.png,2,2317502005481395476
fsgtc.png,5,2317502005481395476
diukc.png,3,2317502005481395476
qzubf.png,1,2317502005481395476
nohcv.png,5,2317502005481395476
mepqp.png,5,2317502005481395476
vgfwg.png,2,2317502005481395476
sfrxq.png,4,2317502005481395476
fsgtc.png,5,2317502005481395476
ybbjw.png,4,2317502005481395476
tuliw.png,3,2317502005481395476
msqxw.png,1,2317502005481395476
rftjn.png,2,2317502005481395476
sfrxq.png,4,2317502005481395476
vxlcq.png,1,2317502005481395476
ybbjw.png,4,2317502005481395476
mepqp.png,5,2317502005481395476
sfrxq.png,4,2317502005481395476
pofzm.png,4,2317502005481395476
sbstp.png,2,2317502005481395476
msqxw.png,1,2317502005481395476
wwjkt.png,1,2317502005481395476
mcbvs.png,5,2317502005481395476
gnoij.png,3,2317502005481395476
ybbjw.png,4,2317502005481395476
frofx.png,3,2317502005481395476
pofzm.png,4,2317502005481395476
xwtuu.png,1,2317502005481395476
nkebh.png,3,2317502005481395476
zlltm.png,3,2317502005481395476
wbyzz.png,3,2317502005481395476
diukc.png,3,2317502005481395476
jgaxu.png,2,2317502005481395476
nohcv.png,5,2317502005481395476
crelm.png,2,2317502005481395476
yuaku.png,1,2317502005481395476
vxlcq.png,1,2317502005481395476
crelm.png,2,2317502005481395476
mcbvs.png,5,2317502005481395476
jgaxu.png,1,2317502005481395476
sbstp.png,2,2317502005481395476
xwtuu.png,1,2317502005481395476
rftjn.png,3,2317502005481395476
qzubf.png,1,2317502005481395476
gnoij.png,3,2317502005481395476
tuliw.png,3,2317502005481395476
xwtuu.png,1,2317502005481395476
qzubf.png,1,2317502005481395476
strdd.png,3,2317502005481395476
ybbjw.png,4,2317502005481395476
dnocu.png,2,2317502005481395476
vgfwg.png,2,2317502005481395476
nohcv.png,5,2317502005481395476
nohcv.png,5,2317502005481395476
hkshk.png,3,2317502005481395476
frofx.png,3,2317502005481395476
mregu.png,4,2317502005481395476
vgfwg.png,2,2317502005481395476
rftjn.png,3,2317502005481395476
gnoij.png,3,2317502005481395476
vgfwg.png,2,2317502005481395476
mregu.png,4,2317502005481395476
ybbjw.png,4,2317502005481395476
mcbvs.png,4,2317502005481395476
fsgtc.png,5,2317502005481395476
msqxw.png,1,2317502005481395476
zlltm.png,4,2317502005481395476
mregu.png,4,2317502005481395476
crelm.png,2,2317502005481395476
xwtuu.png,1,2317502005481395476
nkebh.png,3,2317502005481395476
pofzm.png,4,2317502005481395476
diukc.png,3,2317502005481395476
xwtuu.png,1,2317502005481395476
frofx.png,3,2317502005481395476
rftjn.png,3,2317502005481395476
wwjkt.png,1,2317502005481395476
wdfpk.png,3,2317502005481395476
jgaxu.png,1,2317502005481395476
strdd.png,3,2317502005481395476
gnoij.png,3,2317502005481395476
dnocu.png,2,2317502005481395476
qzubf.png,1,2317502005481395476
dnocu.png,2,2317502005481395476
strdd.png,3,2317502005481395476
jgaxu.png,1,2317502005481395476
wdfpk.png,3,2317502005481395476
wwjkt.png,1,2317502005481395476
jgaxu.png,1,2317502005481395476
pofzm.png,4,2317502005481395476
vgfwg.png,2,2317502005481395476
zlltm.png,2,2317502005481395476
strdd.png,3,2317502005481395476
msqxw.png,1,2317502005481395476
wbyzz.png,2,2317502005481395476
vgfwg.png,2,2317502005481395476
mregu.png,4,2317502005481395476
sbstp.png,2,2317502005481395476
frofx.png,3,2317502005481395476
mcbvs.png,4,2317502005481395476
dnocu.png,2,2317502005481395476
tuliw.png,1,2317502005481395476
mepqp.png,5,2317502005481395476
wwjkt.png,1,2317502005481395476
hkshk.png,3,2317502005481395476
tuliw.png,1,2317502005481395476
xwtuu.png,1,2317502005481395476
strdd.png,4,2317502005481395476
zlltm.png,3,2317502005481395476
wdfpk.png,3,2317502005481395476
nohcv.png,5,2317502005481395476
xwtuu.png,1,2317502005481395476
qzubf.png,1,2317502005481395476
rftjn.png,3,2317502005481395476
msqxw.png,3,2317502005481395476
wwjkt.png,1,2317502005481395476
pofzm.png,4,2317502005481395476
yuaku.png,1,2317502005481395476
fsgtc.png,5,2317502005481395476
vgfwg.png,2,2317502005481395476
diukc.png,3,2317502005481395476
jgaxu.png,1,2317502005481395476
nohcv.png,5,2317502005481395476
wbyzz.png,1,2317502005481395476
sfrxq.png,4,2317502005481395476
sbstp.png,2,2317502005481395476
msqxw.png,1,2317502005481395476
crelm.png,2,2317502005481395476
diukc.png,3,2317502005481395476
msqxw.png,1,2317502005481395476
pofzm.png,4,2317502005481395476
jgaxu.png,1,2317502005481395476
sfrxq.png,4,2317502005481395476
vgfwg.png,2,2317502005481395476
xwtuu.png,1,2317502005481395476
mcbvs.png,3,2317502005481395476
strdd.png,3,2317502005481395476
rftjn.png,3,2317502005481395476
sfrxq.png,4,2317502005481395476
pofzm.png,4,2317502005481395476
vgfwg.png,2,2317502005481395476
rftjn.png,3,2317502005481395476
sfrxq.png,4,2317502005481395476
diukc.png,3,2317502005481395476
vxlcq.png,1,2317502005481395476
xwtuu.png,1,2317502005481395476
vxlcq.png,1,2317502005481395476
sbstp.png,2,2317502005481395476
fsgtc.png,5,2317502005481395476
mepqp.png,5,2317502005481395476
dnocu.png,2,2317502005481395476
wdfpk.png,3,2317502005481395476
sfrxq.png,4,2317502005481395476
qzubf.png,1,2317502005481395476
xwtuu.png,1,2317502005481395476
pofzm.png,4,2317502005481395476
wbyzz.png,2,2317502005481395476
sbstp.png,2,2317502005481395476
wbyzz.png,2,2317502005481395476
tuliw.png,3,2317502005481395476
strdd.png,3,2317502005481395476
mcbvs.png,4,2317502005481395476
wdfpk.png,3,2317502005481395476
nkebh.png,3,2317502005481395476
wwjkt.png,1,2317502005481395476
pofzm.png,4,2317502005481395476
gnoij.png,3,2317502005481395476
strdd.png,3,2317502005481395476
pofzm.png,33,2317502005481395476
xwtuu.png,1,2317502005481395476
pofzm.png,4,2317502005481395476
qzubf.png,1,2317502005481395476
mregu.png,4,2317502005481395476
jgaxu.png,1,2317502005481395476
mregu.png,4,2317502005481395476
vxlcq.png,1,2317502005481395476
ybbjw.png,4,2317502005481395476
crelm.png,2,2317502005481395476
zlltm.png,3,2317502005481395476
frofx.png,3,2317502005481395476
crelm.png,2,2317502005481395476
wdfpk.png,3,2317502005481395476
rftjn.png,3,2317502005481395476
wwjkt.png,1,2317502005481395476
zlltm.png,3,2317502005481395476
gnoij.png,3,2317502005481395476
diukc.png,3,2317502005481395476
strdd.png,3,2317502005481395476
nkebh.png,3,2317502005481395476
nkebh.png,3,2317502005481395476
diukc.png,3,2317502005481395476
yuaku.png,1,2317502005481395476
nkebh.png,3,2317502005481395476
yuaku.png,1,2317502005481395476
ybbjw.png,4,2317502005481395476
sbstp.png,2,2317502005481395476
zlltm.png,3,2317502005481395476
frofx.png,3,2317502005481395476
rftjn.png,3,2317502005481395476
mregu.png,4,2317502005481395476
pofzm.png,4,2317502005481395476
fsgtc.png,5,2317502005481395476
hkshk.png,3,2317502005481395476
wdfpk.png,3,2317502005481395476
hkshk.png,3,2317502005481395476
nohcv.png,5,2317502005481395476
gnoij.png,3,2317502005481395476
hkshk.png,3,2317502005481395476
mregu.png,4,2317502005481395476
qzubf.png,1,2317502005481395476
gnoij.png,3,2317502005481395476
nohcv.png,5,2317502005481395476
fsgtc.png,5,2317502005481395476
pofzm.png,4,2317502005481395476
tuliw.png,1,2317502005481395476
ybbjw.png,4,2317502005481395476
wbyzz.png,1,2317502005481395476
gnoij.png,3,2317502005481395476
strdd.png,3,2317502005481395476
fsgtc.png,5,2317502005481395476
msqxw.png,1,2317502005481395476
nohcv.png,5,2317502005481395476
xwtuu.png,1,2317502005481395476
wwjkt.png,1,2317502005481395476
yuaku.png,1,2317502005481395476
msqxw.png,2,2317502005481395476
xwtuu.png,1,2317502005481395476
hkshk.png,3,2317502005481395476
ybbjw.png,4,2317502005481395476
ybbjw.png,4,2317502005481395476
sfrxq.png,4,2317502005481395476
vgfwg.png,2,2317502005481395476
wbyzz.png,2,2317502005481395476
dnocu.png,2,2317502005481395476
xwtuu.png,1,2317502005481395476
gnoij.png,3,2317502005481395476
nohcv.png,5,2317502005481395476
yuaku.png,2,2317502005481395476
vxlcq.png,2,2317502005481395476
nohcv.png,5,2317502005481395476
vxlcq.png,1,2317502005481395476
mregu.png,5,2317502005481395476
strdd.png,4,2317502005481395476
msqxw.png,2,2317502005481395476
xwtuu.png,1,2317502005481395476
nkebh.png,2,2317502005481395476
yuaku.png,2,2317502005481395476
mcbvs.png,3,2317502005481395476
yuaku.png,2,2317502005481395476
pofzm.png,4,2317502005481395476
crelm.png,2,2317502005481395476
diukc.png,3,2317502005481395476
tuliw.png,1,2317502005481395476
crelm.png,2,2317502005481395476
diukc.png,3,2317502005481395476
yuaku.png,2,2317502005481395476
mcbvs.png,2,2317502005481395476
xwtuu.png,2,2317502005481395476
nohcv.png,5,2317502005481395476
wwjkt.png,1,2317502005481395476
fsgtc.png,5,2317502005481395476
strdd.png,3,2317502005481395476
fsgtc.png,5,2317502005481395476
diukc.png,3,2317502005481395476
mepqp.png,5,2317502005481395476
mregu.png,4,2317502005481395476
sbstp.png,2,2317502005481395476
mcbvs.png,3,2317502005481395476
zlltm.png,4,2317502005481395476
wdfpk.png,3,2317502005481395476
nkebh.png,1,2317502005481395476
wbyzz.png,2,2317502005481395476
wdfpk.png,3,2317502005481395476
rftjn.png,2,2317502005481395476
pofzm.png,4,2317502005481395476
hkshk.png,3,2317502005481395476
wbyzz.png,1,2317502005481395476
rftjn.png,3,2317502005481395476
wbyzz.png,2,2317502005481395476
pofzm.png,4,2317502005481395476
ybbjw.png,4,2317502005481395476
mepqp.png,5,2317502005481395476
wdfpk.png,3,2317502005481395476
mregu.png,4,2317502005481395476
qzubf.png,1,2317502005481395476
dnocu.png,2,2317502005481395476
wwjkt.png,1,2317502005481395476
zlltm.png,4,2317502005481395476
vgfwg.png,2,2317502005481395476
yuaku.png,1,2317502005481395476
jgaxu.png,1,2317502005481395476
yuaku.png,1,2317502005481395476
dnocu.png,2,2317502005481395476
qzubf.png,1,2317502005481395476
jgaxu.png,2,2317502005481395476
pofzm.png,4,2317502005481395476
fsgtc.png,5,2317502005481395476
gnoij.png,3,2317502005481395476
zlltm.png,3,2317502005481395476
pofzm.png,3,2317502005481395476
wdfpk.png,3,2317502005481395476
hkshk.png,3,2317502005481395476
fsgtc.png,4,2317502005481395476
wwjkt.png,1,2317502005481395476
crelm.png,2,2317502005481395476
mepqp.png,5,2317502005481395476
nohcv.png,5,2317502005481395476
xwtuu.png,1,2317502005481395476
vxlcq.png,1,2317502005481395476
nohcv.png,5,2317502005481395476
crelm.png,2,2317502005481395476
pofzm.png,4,2317502005481395476
mcbvs.png,3,2317502005481395476
vxlcq.png,1,2317502005481395476
xwtuu.png,1,2317502005481395476
wdfpk.png,3,2317502005481395476
tuliw.png,1,2317502005481395476
tuliw.png,1,2317502005481395476
nohcv.png,5,2317502005481395476
hkshk.png,3,2317502005481395476
wdfpk.png,3,2317502005481395476
tuliw.png,1,2317502005481395476
jgaxu.png,1,2317502005481395476
crelm.png,2,2317502005481395476
vgfwg.png,2,2317502005481395476
mregu.png,4,2317502005481395476
vgfwg.png,2,2317502005481395476
qzubf.png,1,2317502005481395476
gnoij.png,3,2317502005481395476
xwtuu.png,1,2317502005481395476
ybbjw.png,4,2317502005481395476
ybbjw.png,4,2317502005481395476
yuaku.png,1,2317502005481395476
zlltm.png,2,2317502005481395476
strdd.png,3,2317502005481395476
ybbjw.png,4,2317502005481395476
msqxw.png,1,2317502005481395476
vxlcq.png,1,2317502005481395476
mcbvs.png,3,2317502005481395476
msqxw.png,2,2317502005481395476
hkshk.png,3,2317502005481395476
vgfwg.png,2,2317502005481395476
crelm.png,2,2317502005481395476
pofzm.png,4,2317502005481395476
frofx.png,2,2317502005481395476
nkebh.png,1,2317502005481395476
wwjkt.png,1,2317502005481395476
mepqp.png,5,2317502005481395476
xwtuu.png,1,2317502005481395476
nohcv.png,5,2317502005481395476
nkebh.png,1,2317502005481395476
xwtuu.png,1,2317502005481395476
hkshk.png,3,2317502005481395476
mregu.png,4,2317502005481395476
ybbjw.png,4,2317502005481395476
fsgtc.png,5,2317502005481395476
diukc.png,3,2317502005481395476
diukc.png,3,2317502005481395476
frofx.png,3,2317502005481395476
pofzm.png,4,2317502005481395476
tuliw.png,1,2317502005481395476
qzubf.png,1,2317502005481395476
wwjkt.png,1,2317502005481395476
frofx.png,3,2317502005481395476
rftjn.png,3,2317502005481395476
nkebh.png,1,2317502005481395476
qzubf.png,1,2317502005481395476
frofx.png,3,2317502005481395476
rftjn.png,3,2317502005481395476
xwtuu.png,1,2317502005481395476
vxlcq.png,1,2317502005481395476
hkshk.png,3,2317502005481395476
mregu.png,5,2317502005481395476
jgaxu.png,1,2317502005481395476
sbstp.png,2,2317502005481395476
qzubf.png,1,2317502005481395476
mregu.png,4,2317502005481395476
strdd.png,3,2317502005481395476
fsgtc.png,5,2317502005481395476
hkshk.png,3,2317502005481395476
sbstp.png,2,2317502005481395476
vxlcq.png,1,2317502005481395476
rftjn.png,3,2317502005481395476
xwtuu.png,1,2317502005481395476
mcbvs.png,3,2317502005481395476
vxlcq.png,1,2317502005481395476
msqxw.png,2,2317502005481395476
strdd.png,3,2317502005481395476
tuliw.png,1,2317502005481395476
jgaxu.png,1,2317502005481395476
qzubf.png,1,2317502005481395476
strdd.png,3,2317502005481395476
mcbvs.png,3,2317502005481395476
wdfpk.png,3,2317502005481395476
sbstp.png,3,2317502005481395476
zlltm.png,4,2317502005481395476
wbyzz.png,2,2317502005481395476
strdd.png,4,2317502005481395476
wwjkt.png,1,2317502005481395476
diukc.png,4,2317502005481395476
fsgtc.png,5,2317502005481395476
sbstp.png,2,2317502005481395476
sfrxq.png,4,2317502005481395476
diukc.png,3,2317502005481395476
tuliw.png,1,2317502005481395476
dnocu.png,2,2317502005481395476
mcbvs.png,3,2317502005481395476
frofx.png,3,2317502005481395476
yuaku.png,1,2317502005481395476
strdd.png,3,2317502005481395476
wdfpk.png,3,2317502005481395476
crelm.png,1,2317502005481395476
jgaxu.png,1,2317502005481395476
mepqp.png,5,2317502005481395476
diukc.png,3,2317502005481395476
dnocu.png,2,2317502005481395476
crelm.png,1,2317502005481395476
yuaku.png,1,2317502005481395476
mepqp.png,5,2317502005481395476
sbstp.png,2,2317502005481395476
wbyzz.png,2,2317502005481395476
fsgtc.png,5,2317502005481395476
frofx.png,2,2317502005481395476
mepqp.png,5,2317502005481395476
fsgtc.png,5,2317502005481395476
ybbjw.png,4,2317502005481395476
nkebh.png,1,2317502005481395476
sfrxq.png,4,2317502005481395476
nohcv.png,5,2317502005481395476
frofx.png,4,2317502005481395476
mcbvs.png,3,2317502005481395476
hkshk.png,3,2317502005481395476
xwtuu.png,1,2317502005481395476
mepqp.png,4,2317502005481395476
hkshk.png,3,2317502005481395476
xwtuu.png,1,2317502005481395476
mregu.png,4,2317502005481395476
frofx.png,3,2317502005481395476
yuaku.png,1,2317502005481395476
gnoij.png,3,2317502005481395476
jgaxu.png,1,2317502005481395476
tuliw.png,1,2317502005481395476
ybbjw.png,4,2317502005481395476
crelm.png,2,2317502005481395476
crelm.png,3,6100872643486338464
ybbjw.png,3,6100872643486338464
pofzm.png,3,6100872643486338464
diukc.png,1,6100872643486338464
nohcv.png,5,6100872643486338464
mcbvs.png,2,6100872643486338464
dnocu.png,201,6100872643486338464
wbyzz.png,1,6100872643486338464
msqxw.png,1,6100872643486338464
gnoij.png,1,6100872643486338464
wdfpk.png,2,6100872643486338464
jgaxu.png,1,6100872643486338464
vgfwg.png,2,6100872643486338464
mepqp.png,5,6100872643486338464
sfrxq.png,2,6100872643486338464
frofx.png,1,6100872643486338464
frofx.png,1,6100872643486338464
frofx.png,1,6100872643486338464
wbyzz.png,1,6100872643486338464
pofzm.png,3,6100872643486338464
yuaku.png,2,6100872643486338464
strdd.png,1,6100872643486338464
wwjkt.png,1,6100872643486338464
jgaxu.png,2,6100872643486338464
mcbvs.png,2,6100872643486338464
jgaxu.png,1,6100872643486338464
nohcv.png,3,6100872643486338464
nkebh.png,1,-6531763535769851349
hkshk.png,2,-6531763535769851349
mregu.png,3,-6531763535769851349
vxlcq.png,1,-6531763535769851349
wwjkt.png,1,-6531763535769851349
ybbjw.png,3,-6531763535769851349
qzubf.png,0,-6531763535769851349
rftjn.png,2,-6531763535769851349
ybbjw.png,3,-6531763535769851349
dnocu.png,2,-6531763535769851349
yuaku.png,0,-6531763535769851349
msqxw.png,0,-6531763535769851349
vgfwg.png,2,-6531763535769851349
pofzm.png,3,-6531763535769851349
rftjn.png,2,-6531763535769851349
mregu.png,3,-6531763535769851349
hkshk.png,1,-6531763535769851349
vgfwg.png,2,-6531763535769851349
strdd.png,3,-6531763535769851349
jgaxu.png,0,-6531763535769851349
nohcv.png,3,-6531763535769851349
wbyzz.png,0,-6531763535769851349
nohcv.png,3,-6531763535769851349
dnocu.png,2,-6531763535769851349
tuliw.png,1,-6531763535769851349
mcbvs.png,3,-6531763535769851349
hkshk.png,3,-6531763535769851349
vgfwg.png,2,-6531763535769851349
mregu.png,3,-6531763535769851349
msqxw.png,0,-6531763535769851349
wdfpk.png,1,-6531763535769851349
wdfpk.png,2,-6531763535769851349
dnocu.png,1,728397249659666260
vgfwg.png,2,728397249659666260
diukc.png,3,728397249659666260
diukc.png,1,728397249659666260
msqxw.png,2,728397249659666260
strdd.png,3,728397249659666260
gnoij.png,1,728397249659666260
ybbjw.png,3,728397249659666260
xwtuu.png,0,728397249659666260
rftjn.png,1,728397249659666260
diukc.png,2,728397249659666260
hkshk.png,1,728397249659666260
tuliw.png,32,728397249659666260
frofx.png,3,728397249659666260
wwjkt.png,1,728397249659666260
vxlcq.png,1,728397249659666260
crelm.png,2,728397249659666260
sfrxq.png,2,728397249659666260
nohcv.png,2,728397249659666260
hkshk.png,1,728397249659666260
vxlcq.png,0,728397249659666260
vgfwg.png,2,728397249659666260
mcbvs.png,2,728397249659666260
wbyzz.png,2,728397249659666260
mregu.png,4,728397249659666260
xwtuu.png,0,-3661426549671930975
ybbjw.png,3,-3661426549671930975
sbstp.png,1,-3661426549671930975
sfrxq.png,2,-3661426549671930975
sfrxq.png,2,-3661426549671930975
hkshk.png,1,-3661426549671930975
wwjkt.png,1,-3661426549671930975
pofzm.png,3,-3661426549671930975
mcbvs.png,2,-3661426549671930975
yuaku.png,1,-3661426549671930975
vxlcq.png,1,-3661426549671930975
wdfpk.png,1,-3661426549671930975
ybbjw.png,3,-3661426549671930975
vxlcq.png,1,-3661426549671930975
frofx.png,1,-3661426549671930975
wdfpk.png,1,-3661426549671930975
pofzm.png,3,-3661426549671930975
tuliw.png,1,-3661426549671930975
zlltm.png,0,-3661426549671930975
mcbvs.png,2,-3661426549671930975
pofzm.png,3,-3661426549671930975
gnoij.png,1,-3661426549671930975
crelm.png,1,-3661426549671930975
nohcv.png,2,-3661426549671930975
zlltm.png,1,-3661426549671930975
qzubf.png,1,-3661426549671930975
wbyzz.png,1,-3661426549671930975
fsgtc.png,1,-3661426549671930975
ybbjw.png,3,-3661426549671930975
sbstp.png,1,-3661426549671930975
xwtuu.png,1,-3661426549671930975
jgaxu.png,1,-3661426549671930975
tuliw.png,1,-3661426549671930975
sfrxq.png,2,-3661426549671930975
fsgtc.png,1,-3661426549671930975
qzubf.png,1,-3661426549671930975
rftjn.png,2,-3661426549671930975
ybbjw.png,3,-3661426549671930975
vxlcq.png,1,-3661426549671930975
gnoij.png,1,-3661426549671930975
wdfpk.png,1,-3661426549671930975
strdd.png,1,-3661426549671930975
rftjn.png,1,-3661426549671930975
nohcv.png,2,-3661426549671930975
vgfwg.png,2,-3661426549671930975
strdd.png,1,-3661426549671930975
vxlcq.png,1,-3661426549671930975
crelm.png,1,-3661426549671930975
jgaxu.png,0,-3661426549671930975
pofzm.png,3,-3661426549671930975
msqxw.png,0,-3661426549671930975
dnocu.png,1,-3661426549671930975
gnoij.png,1,-3661426549671930975
rftjn.png,1,-3661426549671930975
wwjkt.png,1,-3661426549671930975
nohcv.png,2,-3661426549671930975
nohcv.png,2,-3661426549671930975
diukc.png,2,-3661426549671930975
fsgtc.png,1,-3661426549671930975
ybbjw.png,3,-3661426549671930975
rftjn.png,2,-3661426549671930975
tuliw.png,1,-3661426549671930975
sfrxq.png,2,-3661426549671930975
zlltm.png,1,-3661426549671930975
yuaku.png,1,-3661426549671930975
wwjkt.png,1,-3661426549671930975
wdfpk.png,1,-3661426549671930975
wwjkt.png,1,-3661426549671930975
diukc.png,1,-3661426549671930975
strdd.png,1,-3661426549671930975
msqxw.png,1,-3661426549671930975
nohcv.png,1,-3661426549671930975
crelm.png,1,-3661426549671930975
strdd.png,2,-3661426549671930975
mepqp.png,1,-3661426549671930975
diukc.png,1,-3661426549671930975
mregu.png,2,-3661426549671930975
sbstp.png,1,-3661426549671930975
qzubf.png,1,-3661426549671930975
frofx.png,1,-3661426549671930975
zlltm.png,1,-3661426549671930975
wwjkt.png,1,-3661426549671930975
sfrxq.png,2,-3661426549671930975
pofzm.png,3,-3661426549671930975
wdfpk.png,1,-3661426549671930975
wdfpk.png,1,-3661426549671930975
nkebh.png,1,-3661426549671930975
mepqp.png,1,-3661426549671930975
frofx.png,1,-3661426549671930975
nkebh.png,1,-3661426549671930975
vxlcq.png,1,-3661426549671930975
qzubf.png,1,-3661426549671930975
diukc.png,1,-3661426549671930975
hkshk.png,1,-3661426549671930975
frofx.png,1,-3661426549671930975
mregu.png,2,-3661426549671930975
mepqp.png,1,-3661426549671930975
mepqp.png,1,-3661426549671930975
zlltm.png,1,-3661426549671930975
zlltm.png,1,-3661426549671930975
mregu.png,2,-3661426549671930975
msqxw.png,1,-3661426549671930975
fsgtc.png,1,-3661426549671930975
vgfwg.png,2,-3661426549671930975
vgfwg.png,2,-3661426549671930975
xwtuu.png,1,-3661426549671930975
nohcv.png,2,-3661426549671930975
qzubf.png,1,-3661426549671930975
zlltm.png,1,-3661426549671930975
gnoij.png,1,-3661426549671930975
strdd.png,1,-3661426549671930975
nohcv.png,2,-3661426549671930975
msqxw.png,1,-3661426549671930975
xwtuu.png,1,-3661426549671930975
vgfwg.png,2,-3661426549671930975
ybbjw.png,3,-3661426549671930975
sfrxq.png,2,-3661426549671930975
wbyzz.png,1,-3661426549671930975
rftjn.png,2,-3661426549671930975
pofzm.png,3,-3661426549671930975
msqxw.png,1,-3661426549671930975
sfrxq.png,2,-3661426549671930975
wwjkt.png,1,-3661426549671930975
mcbvs.png,2,-3661426549671930975
crelm.png,1,-3661426549671930975
nohcv.png,2,-3661426549671930975
frofx.png,1,-3661426549671930975
wdfpk.png,2,-3661426549671930975
vgfwg.png,2,-3661426549671930975
rftjn.png,2,-3661426549671930975
qzubf.png,1,-3661426549671930975
sbstp.png,2,-3661426549671930975
xwtuu.png,1,-3661426549671930975
nkebh.png,1,-3661426549671930975
vgfwg.png,2,-3661426549671930975
pofzm.png,3,-3661426549671930975
crelm.png,1,-3661426549671930975
sfrxq.png,2,-3661426549671930975
vgfwg.png,2,-3661426549671930975
pofzm.png,3,-3661426549671930975
nohcv.png,2,-3661426549671930975
mcbvs.png,2,-3661426549671930975
pofzm.png,3,-3661426549671930975
tuliw.png,1,-3661426549671930975
wdfpk.png,2,-3661426549671930975
frofx.png,1,-3661426549671930975
yuaku.png,1,-3661426549671930975
sbstp.png,1,-3661426549671930975
tuliw.png,1,-3661426549671930975
gnoij.png,1,-3661426549671930975
wwjkt.png,1,-3661426549671930975
nkebh.png,1,-3661426549671930975
nohcv.png,2,-3661426549671930975
frofx.png,1,-3661426549671930975
xwtuu.png,1,-3661426549671930975
qzubf.png,1,-3661426549671930975
msqxw.png,1,-3661426549671930975
tuliw.png,1,-3661426549671930975
vxlcq.png,1,-3661426549671930975
zlltm.png,1,-3661426549671930975
diukc.png,2,-3661426549671930975
tuliw.png,1,-3661426549671930975
strdd.png,1,-3661426549671930975
xwtuu.png,1,-3661426549671930975
fsgtc.png,1,-3661426549671930975
mepqp.png,1,-3661426549671930975
hkshk.png,1,-3661426549671930975
diukc.png,1,-3661426549671930975
msqxw.png,1,-3661426549671930975
nohcv.png,2,-3661426549671930975
jgaxu.png,1,-3661426549671930975
sfrxq.png,2,-3661426549671930975
jgaxu.png,1,-3661426549671930975
vxlcq.png,1,-3661426549671930975
mcbvs.png,2,-3661426549671930975
ybbjw.png,3,-3661426549671930975
frofx.png,1,-3661426549671930975
msqxw.png,1,-3661426549671930975
nohcv.png,2,-3661426549671930975
zlltm.png,1,-3661426549671930975
tuliw.png,1,-3661426549671930975
ybbjw.png,3,-3661426549671930975
mcbvs.png,2,-3661426549671930975
vgfwg.png,2,-3661426549671930975
wwjkt.png,1,-3661426549671930975
dnocu.png,1,-3661426549671930975
ybbjw.png,3,-3661426549671930975
sfrxq.png,2,-3661426549671930975
vxlcq.png,1,-3661426549671930975
qzubf.png,1,-3661426549671930975
ybbjw.png,3,-3661426549671930975
vxlcq.png,1,-3661426549671930975
rftjn.png,2,-3661426549671930975
pofzm.png,3,-3661426549671930975
fsgtc.png,1,-3661426549671930975
nohcv.png,2,-3661426549671930975
jgaxu.png,1,-3661426549671930975
vxlcq.png,1,-3661426549671930975
zlltm.png,1,-3661426549671930975
mcbvs.png,2,-3661426549671930975
mcbvs.png,2,-3661426549671930975
strdd.png,2,-3661426549671930975
tuliw.png,1,-3661426549671930975
msqxw.png,1,-3661426549671930975
wwjkt.png,1,-3661426549671930975
sbstp.png,1,-3661426549671930975
frofx.png,1,-3661426549671930975
wbyzz.png,1,-3661426549671930975
ybbjw.png,3,-3661426549671930975
jgaxu.png,1,-3661426549671930975
mepqp.png,2,-3661426549671930975
sbstp.png,2,-3661426549671930975
pofzm.png,3,-3661426549671930975
zlltm.png,1,-3661426549671930975
tuliw.png,1,-3661426549671930975
rftjn.png,2,-3661426549671930975
fsgtc.png,1,-3661426549671930975
qzubf.png,1,-3661426549671930975
zlltm.png,1,-3661426549671930975
ybbjw.png,3,-3661426549671930975
mregu.png,2,-3661426549671930975
wbyzz.png,2,-3661426549671930975
nohcv.png,2,-3661426549671930975
vxlcq.png,1,-3661426549671930975
diukc.png,2,-3661426549671930975
strdd.png,2,-3661426549671930975
wbyzz.png,1,-3661426549671930975
vgfwg.png,2,-3661426549671930975
sbstp.png,2,-3661426549671930975
yuaku.png,1,-3661426549671930975
zlltm.png,1,-3661426549671930975
jgaxu.png,1,-3661426549671930975
ybbjw.png,3,-3661426549671930975
sfrxq.png,2,-3661426549671930975
jgaxu.png,1,-3661426549671930975
pofzm.png,3,-3661426549671930975
gnoij.png,1,-3661426549671930975
pofzm.png,3,-3661426549671930975
ybbjw.png,3,-3661426549671930975
crelm.png,1,-3661426549671930975
xwtuu.png,1,-3661426549671930975
dnocu.png,1,-3661426549671930975
rftjn.png,2,-3661426549671930975
sbstp.png,2,-3661426549671930975
nkebh.png,1,-3661426549671930975
frofx.png,1,-3661426549671930975
wbyzz.png,1,-3661426549671930975
wwjkt.png,1,-3661426549671930975
hkshk.png,1,-3661426549671930975
mcbvs.png,2,-3661426549671930975
dnocu.png,1,-3661426549671930975
xwtuu.png,1,-3661426549671930975
mcbvs.png,2,-3661426549671930975
hkshk.png,1,-3661426549671930975
wwjkt.png,1,-3661426549671930975
strdd.png,2,-3661426549671930975
gnoij.png,1,-3661426549671930975
pofzm.png,3,-3661426549671930975
mregu.png,2,-3661426549671930975
fsgtc.png,1,-3661426549671930975
vxlcq.png,1,-3661426549671930975
sbstp.png,23,-5401733487635903661
mcbvs.png,2,-5401733487635903661
gnoij.png,1,-5401733487635903661
ybbjw.png,3,-3178661320892716843
msqxw.png,1,-3178661320892716843
nohcv.png,3,-3178661320892716843
pofzm.png,4,-3178661320892716843
mcbvs.png,2,-3178661320892716843
dnocu.png,1,-3178661320892716843
vxlcq.png,1,-3178661320892716843
hkshk.png,1,-3178661320892716843
zlltm.png,4,-3178661320892716843
sfrxq.png,3,-3178661320892716843
mcbvs.png,2,-3178661320892716843
rftjn.png,2,-3178661320892716843
dnocu.png,2,-9189925866618908836
frofx.png,1,-9189925866618908836
ybbjw.png,3,-9189925866618908836
nkebh.png,3,-9189925866618908836
yuaku.png,1,-9189925866618908836
hkshk.png,1,-9189925866618908836
vxlcq.png,1,-9189925866618908836
frofx.png,3,-9189925866618908836
tuliw.png,3,-9189925866618908836
hkshk.png,1,-9189925866618908836
frofx.png,3,-9189925866618908836
nohcv.png,5,-9189925866618908836
gnoij.png,1,-9189925866618908836
xwtuu.png,1,-9189925866618908836
frofx.png,3,-9189925866618908836
vxlcq.png,1,-9189925866618908836
sbstp.png,1,-9189925866618908836
nohcv.png,4,-9189925866618908836
vgfwg.png,2,-9189925866618908836
xwtuu.png,1,-9189925866618908836
dnocu.png,1,-9189925866618908836
pofzm.png,4,-9189925866618908836
qzubf.png,1,-9189925866618908836
mcbvs.png,3,-9189925866618908836
wbyzz.png,1,-9189925866618908836
wdfpk.png,2,-9189925866618908836
wbyzz.png,1,-9189925866618908836
zlltm.png,1,-9189925866618908836
pofzm.png,3,-9189925866618908836
sfrxq.png,2,-9189925866618908836
crelm.png,1,-9189925866618908836
crelm.png,1,-9189925866618908836
dnocu.png,1,-9189925866618908836
zlltm.png,2,-9189925866618908836
fsgtc.png,4,-9189925866618908836
nohcv.png,4,-9189925866618908836
dnocu.png,2,-9189925866618908836
rftjn.png,2,-9189925866618908836
msqxw.png,2,-9189925866618908836
hkshk.png,1,-9189925866618908836
jgaxu.png,1,-9189925866618908836
jgaxu.png,1,-9189925866618908836
pofzm.png,3,-9189925866618908836
nkebh.png,3,-9189925866618908836
zlltm.png,1,-9189925866618908836
rftjn.png,3,-9189925866618908836
strdd.png,1,-9189925866618908836
gnoij.png,1,-9189925866618908836
